"roi_id","layer","label","band","band_name","wavelength","unit","stat","value","n_px","n_valid","n_invalid"
"00000000-0000-0000-0000-00000000012a","analytical","A",1,"Band 1",450,"nm","mean",123.375,9,8,1
"00000000-0000-0000-0000-00000000012a","analytical","A",1,"Band 1",450,"nm","median",122.5,9,8,1
"00000000-0000-0000-0000-00000000012a","analytical","A",1,"Band 1",450,"nm","sd",8.19298480408697,9,8,1
"00000000-0000-0000-0000-00000000012a","analytical","A",1,"Band 1",450,"nm","min",112,9,8,1
"00000000-0000-0000-0000-00000000012a","analytical","A",1,"Band 1",450,"nm","max",133,9,8,1
"00000000-0000-0000-0000-00000000012a","analytical","A",1,"Band 1",450,"nm","sum",987,9,8,1
"00000000-0000-0000-0000-00000000012a","analytical","A",1,"Band 1",450,"nm","n",9,9,8,1
"00000000-0000-0000-0000-00000000012a","analytical","A",2,"Band 2",550,"nm","mean",221.875,9,8,1
"00000000-0000-0000-0000-00000000012a","analytical","A",2,"Band 2",550,"nm","median",221.5,9,8,1
"00000000-0000-0000-0000-00000000012a","analytical","A",2,"Band 2",550,"nm","sd",9.2957363498388,9,8,1
"00000000-0000-0000-0000-00000000012a","analytical","A",2,"Band 2",550,"nm","min",211,9,8,1
"00000000-0000-0000-0000-00000000012a","analytical","A",2,"Band 2",550,"nm","max",233,9,8,1
"00000000-0000-0000-0000-00000000012a","analytical","A",2,"Band 2",550,"nm","sum",1775,9,8,1
"00000000-0000-0000-0000-00000000012a","analytical","A",2,"Band 2",550,"nm","n",9,9,8,1
"00000000-0000-0000-0000-00000000012a","analytical","A",3,"Band 3",650,"nm","mean",322,9,9,0
"00000000-0000-0000-0000-00000000012a","analytical","A",3,"Band 3",650,"nm","median",322,9,9,0
"00000000-0000-0000-0000-00000000012a","analytical","A",3,"Band 3",650,"nm","sd",8.70344759276461,9,9,0
"00000000-0000-0000-0000-00000000012a","analytical","A",3,"Band 3",650,"nm","min",311,9,9,0
"00000000-0000-0000-0000-00000000012a","analytical","A",3,"Band 3",650,"nm","max",333,9,9,0
"00000000-0000-0000-0000-00000000012a","analytical","A",3,"Band 3",650,"nm","sum",2898,9,9,0
"00000000-0000-0000-0000-00000000012a","analytical","A",3,"Band 3",650,"nm","n",9,9,9,0
"00000000-0000-0000-0000-00000000012b","analytical","B",1,"Band 1",450,"nm","mean",134,9,9,0
"00000000-0000-0000-0000-00000000012b","analytical","B",1,"Band 1",450,"nm","median",134,9,9,0
"00000000-0000-0000-0000-00000000012b","analytical","B",1,"Band 1",450,"nm","sd",8.70344759276461,9,9,0
"00000000-0000-0000-0000-00000000012b","analytical","B",1,"Band 1",450,"nm","min",123,9,9,0
"00000000-0000-0000-0000-00000000012b","analytical","B",1,"Band 1",450,"nm","max",145,9,9,0
"00000000-0000-0000-0000-00000000012b","analytical","B",1,"Band 1",450,"nm","sum",1206,9,9,0
"00000000-0000-0000-0000-00000000012b","analytical","B",1,"Band 1",450,"nm","n",9,9,9,0
"00000000-0000-0000-0000-00000000012b","analytical","B",2,"Band 2",550,"nm","mean",235.375,9,8,1
"00000000-0000-0000-0000-00000000012b","analytical","B",2,"Band 2",550,"nm","median",234.5,9,8,1
"00000000-0000-0000-0000-00000000012b","analytical","B",2,"Band 2",550,"nm","sd",8.19298480408697,9,8,1
"00000000-0000-0000-0000-00000000012b","analytical","B",2,"Band 2",550,"nm","min",224,9,8,1
"00000000-0000-0000-0000-00000000012b","analytical","B",2,"Band 2",550,"nm","max",245,9,8,1
"00000000-0000-0000-0000-00000000012b","analytical","B",2,"Band 2",550,"nm","sum",1883,9,8,1
"00000000-0000-0000-0000-00000000012b","analytical","B",2,"Band 2",550,"nm","n",9,9,8,1
"00000000-0000-0000-0000-00000000012b","analytical","B",3,"Band 3",650,"nm","mean",332.428571428571,9,7,2
"00000000-0000-0000-0000-00000000012b","analytical","B",3,"Band 3",650,"nm","median",333,9,7,2
"00000000-0000-0000-0000-00000000012b","analytical","B",3,"Band 3",650,"nm","sd",8.82906455704006,9,7,2
"00000000-0000-0000-0000-00000000012b","analytical","B",3,"Band 3",650,"nm","min",323,9,7,2
"00000000-0000-0000-0000-00000000012b","analytical","B",3,"Band 3",650,"nm","max",344,9,7,2
"00000000-0000-0000-0000-00000000012b","analytical","B",3,"Band 3",650,"nm","sum",2327,9,7,2
"00000000-0000-0000-0000-00000000012b","analytical","B",3,"Band 3",650,"nm","n",9,9,7,2
