"roi_id","layer","label","x","y","band","value","sample_status"
"00000000-0000-0000-0000-00000000012a","analytical","A",1,1,1,NA,"NaN"
"00000000-0000-0000-0000-00000000012a","analytical","A",1,2,1,121,"finite"
"00000000-0000-0000-0000-00000000012a","analytical","A",1,3,1,131,"finite"
"00000000-0000-0000-0000-00000000012a","analytical","A",2,1,1,112,"finite"
"00000000-0000-0000-0000-00000000012a","analytical","A",2,2,1,122,"finite"
"00000000-0000-0000-0000-00000000012a","analytical","A",2,3,1,132,"finite"
"00000000-0000-0000-0000-00000000012a","analytical","A",3,1,1,113,"finite"
"00000000-0000-0000-0000-00000000012a","analytical","A",3,2,1,123,"finite"
"00000000-0000-0000-0000-00000000012a","analytical","A",3,3,1,133,"finite"
"00000000-0000-0000-0000-00000000012a","analytical","A",1,1,2,211,"finite"
"00000000-0000-0000-0000-00000000012a","analytical","A",1,2,2,221,"finite"
"00000000-0000-0000-0000-00000000012a","analytical","A",1,3,2,231,"finite"
"00000000-0000-0000-0000-00000000012a","analytical","A",2,1,2,212,"finite"
"00000000-0000-0000-0000-00000000012a","analytical","A",2,2,2,222,"finite"
"00000000-0000-0000-0000-00000000012a","analytical","A",2,3,2,232,"finite"
"00000000-0000-0000-0000-00000000012a","analytical","A",3,1,2,213,"finite"
"00000000-0000-0000-0000-00000000012a","analytical","A",3,2,2,Inf,"+Inf"
"00000000-0000-0000-0000-00000000012a","analytical","A",3,3,2,233,"finite"
"00000000-0000-0000-0000-00000000012a","analytical","A",1,1,3,311,"finite"
"00000000-0000-0000-0000-00000000012a","analytical","A",1,2,3,321,"finite"
"00000000-0000-0000-0000-00000000012a","analytical","A",1,3,3,331,"finite"
"00000000-0000-0000-0000-00000000012a","analytical","A",2,1,3,312,"finite"
"00000000-0000-0000-0000-00000000012a","analytical","A",2,2,3,322,"finite"
"00000000-0000-0000-0000-00000000012a","analytical","A",2,3,3,332,"finite"
"00000000-0000-0000-0000-00000000012a","analytical","A",3,1,3,313,"finite"
"00000000-0000-0000-0000-00000000012a","analytical","A",3,2,3,323,"finite"
"00000000-0000-0000-0000-00000000012a","analytical","A",3,3,3,333,"finite"
"00000000-0000-0000-0000-00000000012b","analytical","B",3,2,1,123,"finite"
"00000000-0000-0000-0000-00000000012b","analytical","B",3,3,1,133,"finite"
"00000000-0000-0000-0000-00000000012b","analytical","B",3,4,1,143,"finite"
"00000000-0000-0000-0000-00000000012b","analytical","B",4,2,1,124,"finite"
"00000000-0000-0000-0000-00000000012b","analytical","B",4,3,1,134,"finite"
"00000000-0000-0000-0000-00000000012b","analytical","B",4,4,1,144,"finite"
"00000000-0000-0000-0000-00000000012b","analytical","B",5,2,1,125,"finite"
"00000000-0000-0000-0000-00000000012b","analytical","B",5,3,1,135,"finite"
"00000000-0000-0000-0000-00000000012b","analytical","B",5,4,1,145,"finite"
"00000000-0000-0000-0000-00000000012b","analytical","B",3,2,2,Inf,"+Inf"
"00000000-0000-0000-0000-00000000012b","analytical","B",3,3,2,233,"finite"
"00000000-0000-0000-0000-00000000012b","analytical","B",3,4,2,243,"finite"
"00000000-0000-0000-0000-00000000012b","analytical","B",4,2,2,224,"finite"
"00000000-0000-0000-0000-00000000012b","analytical","B",4,3,2,234,"finite"
"00000000-0000-0000-0000-00000000012b","analytical","B",4,4,2,244,"finite"
"00000000-0000-0000-0000-00000000012b","analytical","B",5,2,2,225,"finite"
"00000000-0000-0000-0000-00000000012b","analytical","B",5,3,2,235,"finite"
"00000000-0000-0000-0000-00000000012b","analytical","B",5,4,2,245,"finite"
"00000000-0000-0000-0000-00000000012b","analytical","B",3,2,3,323,"finite"
"00000000-0000-0000-0000-00000000012b","analytical","B",3,3,3,333,"finite"
"00000000-0000-0000-0000-00000000012b","analytical","B",3,4,3,343,"finite"
"00000000-0000-0000-0000-00000000012b","analytical","B",4,2,3,324,"finite"
"00000000-0000-0000-0000-00000000012b","analytical","B",4,3,3,-Inf,"-Inf"
"00000000-0000-0000-0000-00000000012b","analytical","B",4,4,3,344,"finite"
"00000000-0000-0000-0000-00000000012b","analytical","B",5,2,3,325,"finite"
"00000000-0000-0000-0000-00000000012b","analytical","B",5,3,3,335,"finite"
"00000000-0000-0000-0000-00000000012b","analytical","B",5,4,3,NA,"NaN"
