"x","y","band","value","sample_status"
1,1,1,NA,"NaN"
2,1,1,112,"finite"
3,1,1,113,"finite"
1,2,1,121,"finite"
2,2,1,122,"finite"
3,2,1,123,"finite"
4,2,1,124,"finite"
5,2,1,125,"finite"
1,3,1,131,"finite"
2,3,1,132,"finite"
3,3,1,133,"finite"
4,3,1,134,"finite"
5,3,1,135,"finite"
3,4,1,143,"finite"
4,4,1,144,"finite"
5,4,1,145,"finite"
1,1,2,211,"finite"
2,1,2,212,"finite"
3,1,2,213,"finite"
1,2,2,221,"finite"
2,2,2,222,"finite"
3,2,2,Inf,"+Inf"
4,2,2,224,"finite"
5,2,2,225,"finite"
1,3,2,231,"finite"
2,3,2,232,"finite"
3,3,2,233,"finite"
4,3,2,234,"finite"
5,3,2,235,"finite"
3,4,2,243,"finite"
4,4,2,244,"finite"
5,4,2,245,"finite"
1,1,3,311,"finite"
2,1,3,312,"finite"
3,1,3,313,"finite"
1,2,3,321,"finite"
2,2,3,322,"finite"
3,2,3,323,"finite"
4,2,3,324,"finite"
5,2,3,325,"finite"
1,3,3,331,"finite"
2,3,3,332,"finite"
3,3,3,333,"finite"
4,3,3,-Inf,"-Inf"
5,3,3,335,"finite"
3,4,3,343,"finite"
4,4,3,344,"finite"
5,4,3,NA,"NaN"
